appid,name,playtime_hours
730,Counter-Strike 2,7548.283333333334
578080,PUBG: BATTLEGROUNDS,2016.25
271590,Grand Theft Auto V Legacy,1726.5
227300,Euro Truck Simulator 2,1601.9666666666667
1551360,Forza Horizon 5,1456.35
1172470,Apex Legends,1371.35
255710,Cities: Skylines,1368.5
1517290,Battlefield™ 2042,1340.5
1091500,Cyberpunk 2077,1329.6666666666667
292030,The Witcher 3: Wild Hunt,1309.4
